<?xml version="1.0" encoding="utf-8"?>
<odoo>
    <menuitem id="account_reports_id_statements_menu" name="Indonesian Statements" parent="account.menu_finance_reports" sequence="3" groups="account.group_account_user"/>

    <record id="transfer_account" model="account.account.template">
        <field name="name">Ayat Silang</field>
        <field name="code">1-999999</field>
        <field name="reconcile" eval="True"/>
        <field  name="user_type_id" ref="account.data_account_type_current_assets"/>
    </record>

    <!-- Chart template -->
    <record id="l10n_id_school" model="account.chart.template">
        <field name="name">ID Tax and Account Chart Template</field>
        <field name="bank_account_code_prefix">112.01</field>
        <field name="cash_account_code_prefix">111.01</field>
        <field name="code_digits">6</field>
        <field name="currency_id" ref="base.IDR"/>
        <field name="transfer_account_id" ref="transfer_account"/>
    </record>

    <record id="transfer_account" model="account.account.template">
        <field name="chart_template_id" ref="l10n_id_school"/>
    </record>
</odoo>
